e_cree;Cree;Cree;Cree;Cree;Cree;Cree;Cree;Cree;Cree;Cree;Cree;Cree;Cree;x;
e_cree_adj;Cree;Cree;Cree;Cree;Cree;Cree;Cree;Cree;Cree;Cree;Cree;Cree;Cree;x;
k_nitassinan;Nitassinan;Nitassinan;Nitassinan;Nitassinan;Nitassinan;Nitassinan;Nitassinan;Nitassinan;Nitassinan;Nitassinan;Nitassinan;Nitassinan;Nitassinan;x;
k_nitassinan_adj;Nitassinan;Nitassinan;Nitassinan;Nitassinan;Nitassinan;Nitassinan;Nitassinan;Nitassinan;Nitassinan;Nitassinan;Nitassinan;Nitassinan;Nitassinan;x;
d_eeyou_istchee;Eeyou Istchee;Eeyou Istchee;Eeyou Istchee;Eeyou Istchee;Eeyou Istchee;Eeyou Istchee;Eeyou Istchee;Eeyou Istchee;Eeyou Istchee;Eeyou Istchee;Eeyou Istchee;Eeyou Istchee;Eeyou Istchee;x;
d_eeyou_istchee_adj;Eeyou Istchee;Eeyou Istchee;Eeyou Istchee;Eeyou Istchee;Eeyou Istchee;Eeyou Istchee;Eeyou Istchee;Eeyou Istchee;Eeyou Istchee;Eeyou Istchee;Eeyou Istchee;Eeyou Istchee;Eeyou Istchee;x;
c_chisasibi;Chisasibi;Chisasibi;Chisasibi;Chisasibi;Chisasibi;Chisasibi;Chisasibi;Chisasibi;Chisasibi;Chisasibi;Chisasibi;Chisasibi;Chisasibi;x;
c_chisasibi_adj;Chisasibi;Chisasibi;Chisasibi;Chisasibi;Chisasibi;Chisasibi;Chisasibi;Chisasibi;Chisasibi;Chisasibi;Chisasibi;Chisasibi;Chisasibi;x;
b_chisasibi;Chisasibi;Chisasibi;Chisasibi;Chisasibi;Chisasibi;Chisasibi;Chisasibi;Chisasibi;Chisasibi;Chisasibi;Chisasibi;Chisasibi;Chisasibi;x;
b_ismein;Ismein;Ismein;Ismein;Ismein;Ismein;Ismein;Ismein;Ismein;Ismein;Ismein;Ismein;Ismein;Ismein;x;
b_wemindji;Wemindji;Wemindji;Wemindji;Wemindji;Wemindji;Wemindji;Wemindji;Wemindji;Wemindji;Wemindji;Wemindji;Wemindji;Wemindji;x;
b_sakami;Sakami;Sakami;Sakami;Sakami;Sakami;Sakami;Sakami;Sakami;Sakami;Sakami;Sakami;Sakami;Sakami;x;
b_metawatikwa;Metawatikwa;Metawatikwa;Metawatikwa;Metawatikwa;Metawatikwa;Metawatikwa;Metawatikwa;Metawatikwa;Metawatikwa;Metawatikwa;Metawatikwa;Metawatikwa;Metawatikwa;x;
b_anistusikwasich;Anistusikwasich;Anistusikwasich;Anistusikwasich;Anistusikwasich;Anistusikwasich;Anistusikwasich;Anistusikwasich;Anistusikwasich;Anistusikwasich;Anistusikwasich;Anistusikwasich;Anistusikwasich;Anistusikwasich;x;
b_kachamiskusich;Kachamiskusich;Kachamiskusich;Kachamiskusich;Kachamiskusich;Kachamiskusich;Kachamiskusich;Kachamiskusich;Kachamiskusich;Kachamiskusich;Kachamiskusich;Kachamiskusich;Kachamiskusich;Kachamiskusich;x;
c_whapmagoostui;Whapmagoostui;Whapmagoostui;Whapmagoostui;Whapmagoostui;Whapmagoostui;Whapmagoostui;Whapmagoostui;Whapmagoostui;Whapmagoostui;Whapmagoostui;Whapmagoostui;Whapmagoostui;Whapmagoostui;x;
c_whapmagoostui_adj;Whapmagoostui;Whapmagoostui;Whapmagoostui;Whapmagoostui;Whapmagoostui;Whapmagoostui;Whapmagoostui;Whapmagoostui;Whapmagoostui;Whapmagoostui;Whapmagoostui;Whapmagoostui;Whapmagoostui;x;
b_whapmagoostui;Whapmagoostui;Whapmagoostui;Whapmagoostui;Whapmagoostui;Whapmagoostui;Whapmagoostui;Whapmagoostui;Whapmagoostui;Whapmagoostui;Whapmagoostui;Whapmagoostui;Whapmagoostui;Whapmagoostui;x;
b_kuujjuarapik;Kuujjuarapik;Kuujjuarapik;Kuujjuarapik;Kuujjuarapik;Kuujjuarapik;Kuujjuarapik;Kuujjuarapik;Kuujjuarapik;Kuujjuarapik;Kuujjuarapik;Kuujjuarapik;Kuujjuarapik;Kuujjuarapik;x;
b_wimin;Wimin;Wimin;Wimin;Wimin;Wimin;Wimin;Wimin;Wimin;Wimin;Wimin;Wimin;Wimin;Wimin;x;
b_amistustikwach;Amistustikwach;Amistustikwach;Amistustikwach;Amistustikwach;Amistustikwach;Amistustikwach;Amistustikwach;Amistustikwach;Amistustikwach;Amistustikwach;Amistustikwach;Amistustikwach;Amistustikwach;x;
b_manitounuk;Manitounuk;Manitounuk;Manitounuk;Manitounuk;Manitounuk;Manitounuk;Manitounuk;Manitounuk;Manitounuk;Manitounuk;Manitounuk;Manitounuk;Manitounuk;x;
b_mistawatim;Mistawatim;Mistawatim;Mistawatim;Mistawatim;Mistawatim;Mistawatim;Mistawatim;Mistawatim;Mistawatim;Mistawatim;Mistawatim;Mistawatim;Mistawatim;x;
b_upasi;Upasi;Upasi;Upasi;Upasi;Upasi;Upasi;Upasi;Upasi;Upasi;Upasi;Upasi;Upasi;Upasi;x;
c_nichicun;Nichicun;Nichicun;Nichicun;Nichicun;Nichicun;Nichicun;Nichicun;Nichicun;Nichicun;Nichicun;Nichicun;Nichicun;Nichicun;x;
c_nichicun_adj;Nichicun;Nichicun;Nichicun;Nichicun;Nichicun;Nichicun;Nichicun;Nichicun;Nichicun;Nichicun;Nichicun;Nichicun;Nichicun;x;
b_nichicun;Nichicun;Nichicun;Nichicun;Nichicun;Nichicun;Nichicun;Nichicun;Nichicun;Nichicun;Nichicun;Nichicun;Nichicun;Nichicun;x;
b_apisikamis;Apisikamis;Apisikamis;Apisikamis;Apisikamis;Apisikamis;Apisikamis;Apisikamis;Apisikamis;Apisikamis;Apisikamis;Apisikamis;Apisikamis;Apisikamis;x;
b_petagumksun;Petagumksun;Petagumksun;Petagumksun;Petagumksun;Petagumksun;Petagumksun;Petagumksun;Petagumksun;Petagumksun;Petagumksun;Petagumksun;Petagumksun;Petagumksun;x;
b_amistustikwach;Amistustikwach;Amistustikwach;Amistustikwach;Amistustikwach;Amistustikwach;Amistustikwach;Amistustikwach;Amistustikwach;Amistustikwach;Amistustikwach;Amistustikwach;Amistustikwach;Amistustikwach;x;
b_uchikwachikanan;Uchikwachikanan;Uchikwachikanan;Uchikwachikanan;Uchikwachikanan;Uchikwachikanan;Uchikwachikanan;Uchikwachikanan;Uchikwachikanan;Uchikwachikanan;Uchikwachikanan;Uchikwachikanan;Uchikwachikanan;Uchikwachikanan;x;
b_kausapachuun;Kausapachuun;Kausapachuun;Kausapachuun;Kausapachuun;Kausapachuun;Kausapachuun;Kausapachuun;Kausapachuun;Kausapachuun;Kausapachuun;Kausapachuun;Kausapachuun;Kausapachuun;x;
b_aminapustasich;Aminapustasich;Aminapustasich;Aminapustasich;Aminapustasich;Aminapustasich;Aminapustasich;Aminapustasich;Aminapustasich;Aminapustasich;Aminapustasich;Aminapustasich;Aminapustasich;Aminapustasich;x;
c_nemaska;Nemaska;Nemaska;Nemaska;Nemaska;Nemaska;Nemaska;Nemaska;Nemaska;Nemaska;Nemaska;Nemaska;Nemaska;Nemaska;x;
c_nemaska_adj;Nemaska;Nemaska;Nemaska;Nemaska;Nemaska;Nemaska;Nemaska;Nemaska;Nemaska;Nemaska;Nemaska;Nemaska;Nemaska;x;
b_nemaska;Nemaska;Nemaska;Nemaska;Nemaska;Nemaska;Nemaska;Nemaska;Nemaska;Nemaska;Nemaska;Nemaska;Nemaska;Nemaska;x;
b_mistissini;Mistissini;Mistissini;Mistissini;Mistissini;Mistissini;Mistissini;Mistissini;Mistissini;Mistissini;Mistissini;Mistissini;Mistissini;Mistissini;x;
b_chibougamau;Chibougamau;Chibougamau;Chibougamau;Chibougamau;Chibougamau;Chibougamau;Chibougamau;Chibougamau;Chibougamau;Chibougamau;Chibougamau;Chibougamau;Chibougamau;x;
b_waswanipi;Waswanipi;Waswanipi;Waswanipi;Waswanipi;Waswanipi;Waswanipi;Waswanipi;Waswanipi;Waswanipi;Waswanipi;Waswanipi;Waswanipi;Waswanipi;x;
b_obalski;Obalski;Obalski;Obalski;Obalski;Obalski;Obalski;Obalski;Obalski;Obalski;Obalski;Obalski;Obalski;Obalski;x;
b_opemisca;Opemisca;Opemisca;Opemisca;Opemisca;Opemisca;Opemisca;Opemisca;Opemisca;Opemisca;Opemisca;Opemisca;Opemisca;Opemisca;x;
b_maaskitkuu;Maaskitkuu;Maaskitkuu;Maaskitkuu;Maaskitkuu;Maaskitkuu;Maaskitkuu;Maaskitkuu;Maaskitkuu;Maaskitkuu;Maaskitkuu;Maaskitkuu;Maaskitkuu;Maaskitkuu;x;
c_waskaganish;Waskaganish;Waskaganish;Waskaganish;Waskaganish;Waskaganish;Waskaganish;Waskaganish;Waskaganish;Waskaganish;Waskaganish;Waskaganish;Waskaganish;Waskaganish;x;
c_waskaganish_adj;Waskaganish;Waskaganish;Waskaganish;Waskaganish;Waskaganish;Waskaganish;Waskaganish;Waskaganish;Waskaganish;Waskaganish;Waskaganish;Waskaganish;Waskaganish;x;
b_waskaganish;Waskaganish;Waskaganish;Waskaganish;Waskaganish;Waskaganish;Waskaganish;Waskaganish;Waskaganish;Waskaganish;Waskaganish;Waskaganish;Waskaganish;Waskaganish;x;
b_matagami;Matagami;Matagami;Matagami;Matagami;Matagami;Matagami;Matagami;Matagami;Matagami;Matagami;Matagami;Matagami;Matagami;x;
b_sesitinikastikw;Sesitinikastikw;Sesitinikastikw;Sesitinikastikw;Sesitinikastikw;Sesitinikastikw;Sesitinikastikw;Sesitinikastikw;Sesitinikastikw;Sesitinikastikw;Sesitinikastikw;Sesitinikastikw;Sesitinikastikw;Sesitinikastikw;x;
b_tekakwitha;Tekakwitha;Tekakwitha;Tekakwitha;Tekakwitha;Tekakwitha;Tekakwitha;Tekakwitha;Tekakwitha;Tekakwitha;Tekakwitha;Tekakwitha;Tekakwitha;Tekakwitha;x;
b_kakupanchish;Kakupanchish;Kakupanchish;Kakupanchish;Kakupanchish;Kakupanchish;Kakupanchish;Kakupanchish;Kakupanchish;Kakupanchish;Kakupanchish;Kakupanchish;Kakupanchish;Kakupanchish;x;
b_uschiskash;Uschiskash;Uschiskash;Uschiskash;Uschiskash;Uschiskash;Uschiskash;Uschiskash;Uschiskash;Uschiskash;Uschiskash;Uschiskash;Uschiskash;Uschiskash;x;
b_nitauchichikan;Nitauchichikan;Nitauchichikan;Nitauchichikan;Nitauchichikan;Nitauchichikan;Nitauchichikan;Nitauchichikan;Nitauchichikan;Nitauchichikan;Nitauchichikan;Nitauchichikan;Nitauchichikan;Nitauchichikan;x;
d_nunatsiavut;Nunatsiavut;Nunatsiavut;Nunatsiavut;Nunatsiavut;Nunatsiavut;Nunatsiavut;Nunatsiavut;Nunatsiavut;Nunatsiavut;Nunatsiavut;Nunatsiavut;Nunatsiavut;Nunatsiavut;x;
d_nunatsiavut_adj;Nunatsiavut;Nunatsiavut;Nunatsiavut;Nunatsiavut;Nunatsiavut;Nunatsiavut;Nunatsiavut;Nunatsiavut;Nunatsiavut;Nunatsiavut;Nunatsiavut;Nunatsiavut;Nunatsiavut;x;
c_kangiqsualujjuaq;Kangiqsualujjuaq;Kangiqsualujjuaq;Kangiqsualujjuaq;Kangiqsualujjuaq;Kangiqsualujjuaq;Kangiqsualujjuaq;Kangiqsualujjuaq;Kangiqsualujjuaq;Kangiqsualujjuaq;Kangiqsualujjuaq;Kangiqsualujjuaq;Kangiqsualujjuaq;Kangiqsualujjuaq;x;
c_kangiqsualujjuaq_adj;Kangiqsualujjuaq;Kangiqsualujjuaq;Kangiqsualujjuaq;Kangiqsualujjuaq;Kangiqsualujjuaq;Kangiqsualujjuaq;Kangiqsualujjuaq;Kangiqsualujjuaq;Kangiqsualujjuaq;Kangiqsualujjuaq;Kangiqsualujjuaq;Kangiqsualujjuaq;Kangiqsualujjuaq;x;
b_kangiqsualujjuaq;Kangiqsualujjuaq;Kangiqsualujjuaq;Kangiqsualujjuaq;Kangiqsualujjuaq;Kangiqsualujjuaq;Kangiqsualujjuaq;Kangiqsualujjuaq;Kangiqsualujjuaq;Kangiqsualujjuaq;Kangiqsualujjuaq;Kangiqsualujjuaq;Kangiqsualujjuaq;Kangiqsualujjuaq;x;
b_sangumaniq;Sangumaniq;Sangumaniq;Sangumaniq;Sangumaniq;Sangumaniq;Sangumaniq;Sangumaniq;Sangumaniq;Sangumaniq;Sangumaniq;Sangumaniq;Sangumaniq;Sangumaniq;x;
b_kaminikatau;Kaminikatau;Kaminikatau;Kaminikatau;Kaminikatau;Kaminikatau;Kaminikatau;Kaminikatau;Kaminikatau;Kaminikatau;Kaminikatau;Kaminikatau;Kaminikatau;Kaminikatau;x;
b_ukalirsitik;Ukalirsitik;Ukalirsitik;Ukalirsitik;Ukalirsitik;Ukalirsitik;Ukalirsitik;Ukalirsitik;Ukalirsitik;Ukalirsitik;Ukalirsitik;Ukalirsitik;Ukalirsitik;Ukalirsitik;x;
b_uummanaq;Uummanaq;Uummanaq;Uummanaq;Uummanaq;Uummanaq;Uummanaq;Uummanaq;Uummanaq;Uummanaq;Uummanaq;Uummanaq;Uummanaq;Uummanaq;x;
b_akulliaq;Akulliaq;Akulliaq;Akulliaq;Akulliaq;Akulliaq;Akulliaq;Akulliaq;Akulliaq;Akulliaq;Akulliaq;Akulliaq;Akulliaq;Akulliaq;x;
b_matshishkam;Matshishkam;Matshishkam;Matshishkam;Matshishkam;Matshishkam;Matshishkam;Matshishkam;Matshishkam;Matshishkam;Matshishkam;Matshishkam;Matshishkam;Matshishkam;x;
c_killiniq;Killiniq;Killiniq;Killiniq;Killiniq;Killiniq;Killiniq;Killiniq;Killiniq;Killiniq;Killiniq;Killiniq;Killiniq;Killiniq;x;
c_killiniq_adj;Killiniq;Killiniq;Killiniq;Killiniq;Killiniq;Killiniq;Killiniq;Killiniq;Killiniq;Killiniq;Killiniq;Killiniq;Killiniq;x;
b_killiniq;Killiniq;Killiniq;Killiniq;Killiniq;Killiniq;Killiniq;Killiniq;Killiniq;Killiniq;Killiniq;Killiniq;Killiniq;Killiniq;x;
b_nuvotannak;Nuvotannak;Nuvotannak;Nuvotannak;Nuvotannak;Nuvotannak;Nuvotannak;Nuvotannak;Nuvotannak;Nuvotannak;Nuvotannak;Nuvotannak;Nuvotannak;Nuvotannak;x;
b_korok;Korok;Korok;Korok;Korok;Korok;Korok;Korok;Korok;Korok;Korok;Korok;Korok;Korok;x;
b_nuvukulluk;Nuvukulluk;Nuvukulluk;Nuvukulluk;Nuvukulluk;Nuvukulluk;Nuvukulluk;Nuvukulluk;Nuvukulluk;Nuvukulluk;Nuvukulluk;Nuvukulluk;Nuvukulluk;Nuvukulluk;x;
b_upernavik;Upernavik;Upernavik;Upernavik;Upernavik;Upernavik;Upernavik;Upernavik;Upernavik;Upernavik;Upernavik;Upernavik;Upernavik;Upernavik;x;
b_torngat;Torngat;Torngat;Torngat;Torngat;Torngat;Torngat;Torngat;Torngat;Torngat;Torngat;Torngat;Torngat;Torngat;x;
b_kuururjuaq;Kuururjuaq;Kuururjuaq;Kuururjuaq;Kuururjuaq;Kuururjuaq;Kuururjuaq;Kuururjuaq;Kuururjuaq;Kuururjuaq;Kuururjuaq;Kuururjuaq;Kuururjuaq;Kuururjuaq;x;
c_nunajnguk;Nunajnguk;Nunajnguk;Nunajnguk;Nunajnguk;Nunajnguk;Nunajnguk;Nunajnguk;Nunajnguk;Nunajnguk;Nunajnguk;Nunajnguk;Nunajnguk;Nunajnguk;x;
c_nunajnguk_adj;Nunajnguk;Nunajnguk;Nunajnguk;Nunajnguk;Nunajnguk;Nunajnguk;Nunajnguk;Nunajnguk;Nunajnguk;Nunajnguk;Nunajnguk;Nunajnguk;Nunajnguk;x;
b_nunajnguk;Nunajnguk;Nunajnguk;Nunajnguk;Nunajnguk;Nunajnguk;Nunajnguk;Nunajnguk;Nunajnguk;Nunajnguk;Nunajnguk;Nunajnguk;Nunajnguk;Nunajnguk;x;
b_nutak;Nutak;Nutak;Nutak;Nutak;Nutak;Nutak;Nutak;Nutak;Nutak;Nutak;Nutak;Nutak;Nutak;x;
b_okak;Okak;Okak;Okak;Okak;Okak;Okak;Okak;Okak;Okak;Okak;Okak;Okak;Okak;x;
b_iluikoyak;Iluikoyak;Iluikoyak;Iluikoyak;Iluikoyak;Iluikoyak;Iluikoyak;Iluikoyak;Iluikoyak;Iluikoyak;Iluikoyak;Iluikoyak;Iluikoyak;Iluikoyak;x;
b_umiakovik;Umiakovik;Umiakovik;Umiakovik;Umiakovik;Umiakovik;Umiakovik;Umiakovik;Umiakovik;Umiakovik;Umiakovik;Umiakovik;Umiakovik;Umiakovik;x;
b_sungilik;Sungilik;Sungilik;Sungilik;Sungilik;Sungilik;Sungilik;Sungilik;Sungilik;Sungilik;Sungilik;Sungilik;Sungilik;Sungilik;x;
b_kotannak;Kotannak;Kotannak;Kotannak;Kotannak;Kotannak;Kotannak;Kotannak;Kotannak;Kotannak;Kotannak;Kotannak;Kotannak;Kotannak;x;
c_agvituk;Agvituk;Agvituk;Agvituk;Agvituk;Agvituk;Agvituk;Agvituk;Agvituk;Agvituk;Agvituk;Agvituk;Agvituk;Agvituk;x;
c_agvituk_adj;Agvituk;Agvituk;Agvituk;Agvituk;Agvituk;Agvituk;Agvituk;Agvituk;Agvituk;Agvituk;Agvituk;Agvituk;Agvituk;x;
b_agvituk;Agvituk;Agvituk;Agvituk;Agvituk;Agvituk;Agvituk;Agvituk;Agvituk;Agvituk;Agvituk;Agvituk;Agvituk;Agvituk;x;
b_kikiaq;Kikiaq;Kikiaq;Kikiaq;Kikiaq;Kikiaq;Kikiaq;Kikiaq;Kikiaq;Kikiaq;Kikiaq;Kikiaq;Kikiaq;Kikiaq;x;
b_qipuqqaq;Qipuqqaq;Qipuqqaq;Qipuqqaq;Qipuqqaq;Qipuqqaq;Qipuqqaq;Qipuqqaq;Qipuqqaq;Qipuqqaq;Qipuqqaq;Qipuqqaq;Qipuqqaq;Qipuqqaq;x;
b_maquuvik;Maquuvik;Maquuvik;Maquuvik;Maquuvik;Maquuvik;Maquuvik;Maquuvik;Maquuvik;Maquuvik;Maquuvik;Maquuvik;Maquuvik;Maquuvik;x;
b_aillik;Aillik;Aillik;Aillik;Aillik;Aillik;Aillik;Aillik;Aillik;Aillik;Aillik;Aillik;Aillik;Aillik;x;
b_nuvutsuakulluk;Nuvutsuakulluk;Nuvutsuakulluk;Nuvutsuakulluk;Nuvutsuakulluk;Nuvutsuakulluk;Nuvutsuakulluk;Nuvutsuakulluk;Nuvutsuakulluk;Nuvutsuakulluk;Nuvutsuakulluk;Nuvutsuakulluk;Nuvutsuakulluk;Nuvutsuakulluk;x;
b_onartok;Onartok;Onartok;Onartok;Onartok;Onartok;Onartok;Onartok;Onartok;Onartok;Onartok;Onartok;Onartok;Onartok;x;
d_nitassinan;Nitassinan;Nitassinan;Nitassinan;Nitassinan;Nitassinan;Nitassinan;Nitassinan;Nitassinan;Nitassinan;Nitassinan;Nitassinan;Nitassinan;Nitassinan;x;
d_nitassinan_adj;Nitassinan;Nitassinan;Nitassinan;Nitassinan;Nitassinan;Nitassinan;Nitassinan;Nitassinan;Nitassinan;Nitassinan;Nitassinan;Nitassinan;Nitassinan;x;
c_kawawachikamach;Kawawachikamach;Kawawachikamach;Kawawachikamach;Kawawachikamach;Kawawachikamach;Kawawachikamach;Kawawachikamach;Kawawachikamach;Kawawachikamach;Kawawachikamach;Kawawachikamach;Kawawachikamach;Kawawachikamach;x;
c_kawawachikamach_adj;Kawawachikamach;Kawawachikamach;Kawawachikamach;Kawawachikamach;Kawawachikamach;Kawawachikamach;Kawawachikamach;Kawawachikamach;Kawawachikamach;Kawawachikamach;Kawawachikamach;Kawawachikamach;Kawawachikamach;x;
b_kawawachikamach;Kawawachikamach;Kawawachikamach;Kawawachikamach;Kawawachikamach;Kawawachikamach;Kawawachikamach;Kawawachikamach;Kawawachikamach;Kawawachikamach;Kawawachikamach;Kawawachikamach;Kawawachikamach;Kawawachikamach;x;
b_kamistiatusset;Kamistiatusset;Kamistiatusset;Kamistiatusset;Kamistiatusset;Kamistiatusset;Kamistiatusset;Kamistiatusset;Kamistiatusset;Kamistiatusset;Kamistiatusset;Kamistiatusset;Kamistiatusset;Kamistiatusset;x;
b_menihek;Menihek;Menihek;Menihek;Menihek;Menihek;Menihek;Menihek;Menihek;Menihek;Menihek;Menihek;Menihek;Menihek;x;
b_patshishetshuanau;Patshishetshuanau;Patshishetshuanau;Patshishetshuanau;Patshishetshuanau;Patshishetshuanau;Patshishetshuanau;Patshishetshuanau;Patshishetshuanau;Patshishetshuanau;Patshishetshuanau;Patshishetshuanau;Patshishetshuanau;Patshishetshuanau;x;
b_matimekosh;Matimekosh;Matimekosh;Matimekosh;Matimekosh;Matimekosh;Matimekosh;Matimekosh;Matimekosh;Matimekosh;Matimekosh;Matimekosh;Matimekosh;Matimekosh;x;
b_ashuanipi;Ashuanipi;Ashuanipi;Ashuanipi;Ashuanipi;Ashuanipi;Ashuanipi;Ashuanipi;Ashuanipi;Ashuanipi;Ashuanipi;Ashuanipi;Ashuanipi;Ashuanipi;x;
b_opocopa;Opocopa;Opocopa;Opocopa;Opocopa;Opocopa;Opocopa;Opocopa;Opocopa;Opocopa;Opocopa;Opocopa;Opocopa;Opocopa;x;
c_sheshatshiu;Sheshatshiu;Sheshatshiu;Sheshatshiu;Sheshatshiu;Sheshatshiu;Sheshatshiu;Sheshatshiu;Sheshatshiu;Sheshatshiu;Sheshatshiu;Sheshatshiu;Sheshatshiu;Sheshatshiu;x;
c_sheshatshiu_adj;Sheshatshiu;Sheshatshiu;Sheshatshiu;Sheshatshiu;Sheshatshiu;Sheshatshiu;Sheshatshiu;Sheshatshiu;Sheshatshiu;Sheshatshiu;Sheshatshiu;Sheshatshiu;Sheshatshiu;x;
b_sheshatshiu;Sheshatshiu;Sheshatshiu;Sheshatshiu;Sheshatshiu;Sheshatshiu;Sheshatshiu;Sheshatshiu;Sheshatshiu;Sheshatshiu;Sheshatshiu;Sheshatshiu;Sheshatshiu;Sheshatshiu;x;
b_minipi;Minipi;Minipi;Minipi;Minipi;Minipi;Minipi;Minipi;Minipi;Minipi;Minipi;Minipi;Minipi;Minipi;;x
b_uapahkueh;Uapahkueh;Uapahkueh;Uapahkueh;Uapahkueh;Uapahkueh;Uapahkueh;Uapahkueh;Uapahkueh;Uapahkueh;Uapahkueh;Uapahkueh;Uapahkueh;Uapahkueh;x;
b_uaunukuh;Uaunukuh;Uaunukuh;Uaunukuh;Uaunukuh;Uaunukuh;Uaunukuh;Uaunukuh;Uaunukuh;Uaunukuh;Uaunukuh;Uaunukuh;Uaunukuh;Uaunukuh;;x
b_natuaiahu;Natuaiahu;Natuaiahu;Natuaiahu;Natuaiahu;Natuaiahu;Natuaiahu;Natuaiahu;Natuaiahu;Natuaiahu;Natuaiahu;Natuaiahu;Natuaiahu;Natuaiahu;;x
b_kahtsheuiapuhtshuenakan;Kahtsheuiapuhtshuenakan;Kahtsheuiapuhtshuenakan;Kahtsheuiapuhtshuenakan;Kahtsheuiapuhtshuenakan;Kahtsheuiapuhtshuenakan;Kahtsheuiapuhtshuenakan;Kahtsheuiapuhtshuenakan;Kahtsheuiapuhtshuenakan;Kahtsheuiapuhtshuenakan;Kahtsheuiapuhtshuenakan;Kahtsheuiapuhtshuenakan;Kahtsheuiapuhtshuenakan;Kahtsheuiapuhtshuenakan;;x
b_uahaihtshuakat;Uahaihtshuakat;Uahaihtshuakat;Uahaihtshuakat;Uahaihtshuakat;Uahaihtshuakat;Uahaihtshuakat;Uahaihtshuakat;Uahaihtshuakat;Uahaihtshuakat;Uahaihtshuakat;Uahaihtshuakat;Uahaihtshuakat;Uahaihtshuakat;;x
c_pakuashipi;Pakuashipi;Pakuashipi;Pakuashipi;Pakuashipi;Pakuashipi;Pakuashipi;Pakuashipi;Pakuashipi;Pakuashipi;Pakuashipi;Pakuashipi;Pakuashipi;Pakuashipi;x;
c_pakuashipi_adj;Pakuashipi;Pakuashipi;Pakuashipi;Pakuashipi;Pakuashipi;Pakuashipi;Pakuashipi;Pakuashipi;Pakuashipi;Pakuashipi;Pakuashipi;Pakuashipi;Pakuashipi;x;
b_pakuashipi;Pakuashipi;Pakuashipi;Pakuashipi;Pakuashipi;Pakuashipi;Pakuashipi;Pakuashipi;Pakuashipi;Pakuashipi;Pakuashipi;Pakuashipi;Pakuashipi;Pakuashipi;x;
b_shekatika;Shekatika;Shekatika;Shekatika;Shekatika;Shekatika;Shekatika;Shekatika;Shekatika;Shekatika;Shekatika;Shekatika;Shekatika;Shekatika;;x
b_natsitok;Natsitok;Natsitok;Natsitok;Natsitok;Natsitok;Natsitok;Natsitok;Natsitok;Natsitok;Natsitok;Natsitok;Natsitok;Natsitok;;x
b_akamiuapishkua;Akamiuapishkua;Akamiuapishkua;Akamiuapishkua;Akamiuapishkua;Akamiuapishkua;Akamiuapishkua;Akamiuapishkua;Akamiuapishkua;Akamiuapishkua;Akamiuapishkua;Akamiuapishkua;Akamiuapishkua;Akamiuapishkua;;x
b_kikkertet;Kikkertet;Kikkertet;Kikkertet;Kikkertet;Kikkertet;Kikkertet;Kikkertet;Kikkertet;Kikkertet;Kikkertet;Kikkertet;Kikkertet;Kikkertet;;x
b_etagaulet;Etagaulet;Etagaulet;Etagaulet;Etagaulet;Etagaulet;Etagaulet;Etagaulet;Etagaulet;Etagaulet;Etagaulet;Etagaulet;Etagaulet;Etagaulet;;x
b_wapustagamau;Wapustagamau;Wapustagamau;Wapustagamau;Wapustagamau;Wapustagamau;Wapustagamau;Wapustagamau;Wapustagamau;Wapustagamau;Wapustagamau;Wapustagamau;Wapustagamau;Wapustagamau;;x
c_unamenshipit;Unamenshipit;Unamenshipit;Unamenshipit;Unamenshipit;Unamenshipit;Unamenshipit;Unamenshipit;Unamenshipit;Unamenshipit;Unamenshipit;Unamenshipit;Unamenshipit;Unamenshipit;x;
c_unamenshipit_adj;Unamenshipit;Unamenshipit;Unamenshipit;Unamenshipit;Unamenshipit;Unamenshipit;Unamenshipit;Unamenshipit;Unamenshipit;Unamenshipit;Unamenshipit;Unamenshipit;Unamenshipit;x;
b_unamenshipit;Unamenshipit;Unamenshipit;Unamenshipit;Unamenshipit;Unamenshipit;Unamenshipit;Unamenshipit;Unamenshipit;Unamenshipit;Unamenshipit;Unamenshipit;Unamenshipit;Unamenshipit;x;
b_natashquan;Natashquan;Natashquan;Natashquan;Natashquan;Natashquan;Natashquan;Natashquan;Natashquan;Natashquan;Natashquan;Natashquan;Natashquan;Natashquan;;x
b_kegashka;Kegashka;Kegashka;Kegashka;Kegashka;Kegashka;Kegashka;Kegashka;Kegashka;Kegashka;Kegashka;Kegashka;Kegashka;Kegashka;;x
b_coacoachou;Coacoachou;Coacoachou;Coacoachou;Coacoachou;Coacoachou;Coacoachou;Coacoachou;Coacoachou;Coacoachou;Coacoachou;Coacoachou;Coacoachou;Coacoachou;;x
b_mistahini;Mistahini;Mistahini;Mistahini;Mistahini;Mistahini;Mistahini;Mistahini;Mistahini;Mistahini;Mistahini;Mistahini;Mistahini;Mistahini;;x
b_nakamistshetshuant;Nakamistshetshuant;Nakamistshetshuant;Nakamistshetshuant;Nakamistshetshuant;Nakamistshetshuant;Nakamistshetshuant;Nakamistshetshuant;Nakamistshetshuant;Nakamistshetshuant;Nakamistshetshuant;Nakamistshetshuant;Nakamistshetshuant;Nakamistshetshuant;;x
b_uemahtan;Uemahtan;Uemahtan;Uemahtan;Uemahtan;Uemahtan;Uemahtan;Uemahtan;Uemahtan;Uemahtan;Uemahtan;Uemahtan;Uemahtan;Uemahtan;;x
d_neenoilno;Neenoilno;Neenoilno;Neenoilno;Neenoilno;Neenoilno;Neenoilno;Neenoilno;Neenoilno;Neenoilno;Neenoilno;Neenoilno;Neenoilno;Neenoilno;x;
d_neenoilno_adj;Neenoilno;Neenoilno;Neenoilno;Neenoilno;Neenoilno;Neenoilno;Neenoilno;Neenoilno;Neenoilno;Neenoilno;Neenoilno;Neenoilno;Neenoilno;x;
c_uashat;Uashat;Uashat;Uashat;Uashat;Uashat;Uashat;Uashat;Uashat;Uashat;Uashat;Uashat;Uashat;Uashat;x;
c_uashat_adj;Uashat;Uashat;Uashat;Uashat;Uashat;Uashat;Uashat;Uashat;Uashat;Uashat;Uashat;Uashat;Uashat;x;
b_uashat;Uashat;Uashat;Uashat;Uashat;Uashat;Uashat;Uashat;Uashat;Uashat;Uashat;Uashat;Uashat;Uashat;x;
b_maliotenam;Maliotenam;Maliotenam;Maliotenam;Maliotenam;Maliotenam;Maliotenam;Maliotenam;Maliotenam;Maliotenam;Maliotenam;Maliotenam;Maliotenam;Maliotenam;x;
b_ekuantshit;Ekuantshit;Ekuantshit;Ekuantshit;Ekuantshit;Ekuantshit;Ekuantshit;Ekuantshit;Ekuantshit;Ekuantshit;Ekuantshit;Ekuantshit;Ekuantshit;Ekuantshit;x;
b_uhatnihip;Uhatnihip;Uhatnihip;Uhatnihip;Uhatnihip;Uhatnihip;Uhatnihip;Uhatnihip;Uhatnihip;Uhatnihip;Uhatnihip;Uhatnihip;Uhatnihip;Uhatnihip;x;
b_ehkuapustet;Ehkuapustet;Ehkuapustet;Ehkuapustet;Ehkuapustet;Ehkuapustet;Ehkuapustet;Ehkuapustet;Ehkuapustet;Ehkuapustet;Ehkuapustet;Ehkuapustet;Ehkuapustet;Ehkuapustet;x;
b_uhukanatshehu;Uhukanatshehu;Uhukanatshehu;Uhukanatshehu;Uhukanatshehu;Uhukanatshehu;Uhukanatshehu;Uhukanatshehu;Uhukanatshehu;Uhukanatshehu;Uhukanatshehu;Uhukanatshehu;Uhukanatshehu;Uhukanatshehu;x;
b_uashatuess;Uashatuess;Uashatuess;Uashatuess;Uashatuess;Uashatuess;Uashatuess;Uashatuess;Uashatuess;Uashatuess;Uashatuess;Uashatuess;Uashatuess;Uashatuess;x;
c_pessamit;Pessamit;Pessamit;Pessamit;Pessamit;Pessamit;Pessamit;Pessamit;Pessamit;Pessamit;Pessamit;Pessamit;Pessamit;Pessamit;x;
c_pessamit_adj;Pessamit;Pessamit;Pessamit;Pessamit;Pessamit;Pessamit;Pessamit;Pessamit;Pessamit;Pessamit;Pessamit;Pessamit;Pessamit;x;
b_pessamit;Pessamit;Pessamit;Pessamit;Pessamit;Pessamit;Pessamit;Pessamit;Pessamit;Pessamit;Pessamit;Pessamit;Pessamit;Pessamit;x;
b_mushalagan;Mushalagan;Mushalagan;Mushalagan;Mushalagan;Mushalagan;Mushalagan;Mushalagan;Mushalagan;Mushalagan;Mushalagan;Mushalagan;Mushalagan;Mushalagan;x;
b_kaupashkueiat;Kaupashkueiat;Kaupashkueiat;Kaupashkueiat;Kaupashkueiat;Kaupashkueiat;Kaupashkueiat;Kaupashkueiat;Kaupashkueiat;Kaupashkueiat;Kaupashkueiat;Kaupashkueiat;Kaupashkueiat;Kaupashkueiat;x;
b_manic_cinq;Manic-Cinq;Manic-Cinq;Manic-Cinq;Manic-Cinq;Manic-Cinq;Manic-Cinq;Manic-Cinq;Manic-Cinq;Manic-Cinq;Manic-Cinq;Manic-Cinq;Manic-Cinq;Manic-Cinq;x;
b_kashipiautshemus;Kashipiautshemus;Kashipiautshemus;Kashipiautshemus;Kashipiautshemus;Kashipiautshemus;Kashipiautshemus;Kashipiautshemus;Kashipiautshemus;Kashipiautshemus;Kashipiautshemus;Kashipiautshemus;Kashipiautshemus;Kashipiautshemus;x;
b_micoua;Micoua;Micoua;Micoua;Micoua;Micoua;Micoua;Micoua;Micoua;Micoua;Micoua;Micoua;Micoua;Micoua;x;
b_kaiashashkupat;Kaiashashkupat;Kaiashashkupat;Kaiashashkupat;Kaiashashkupat;Kaiashashkupat;Kaiashashkupat;Kaiashashkupat;Kaiashashkupat;Kaiashashkupat;Kaiashashkupat;Kaiashashkupat;Kaiashashkupat;Kaiashashkupat;x;
c_chicoutimi;Chicoutimi;Chicoutimi;Chicoutimi;Chicoutimi;Chicoutimi;Chicoutimi;Chicoutimi;Chicoutimi;Chicoutimi;Chicoutimi;Chicoutimi;Chicoutimi;Chicoutimi;x;
c_chicoutimi_adj;Chicoutimi;Chicoutimi;Chicoutimi;Chicoutimi;Chicoutimi;Chicoutimi;Chicoutimi;Chicoutimi;Chicoutimi;Chicoutimi;Chicoutimi;Chicoutimi;Chicoutimi;x;
b_chicoutimi;Chicoutimi;Chicoutimi;Chicoutimi;Chicoutimi;Chicoutimi;Chicoutimi;Chicoutimi;Chicoutimi;Chicoutimi;Chicoutimi;Chicoutimi;Chicoutimi;Chicoutimi;x;
b_mashteuiatsh;Mashteuiatsh;Mashteuiatsh;Mashteuiatsh;Mashteuiatsh;Mashteuiatsh;Mashteuiatsh;Mashteuiatsh;Mashteuiatsh;Mashteuiatsh;Mashteuiatsh;Mashteuiatsh;Mashteuiatsh;Mashteuiatsh;x;
b_essipit;Essipit;Essipit;Essipit;Essipit;Essipit;Essipit;Essipit;Essipit;Essipit;Essipit;Essipit;Essipit;Essipit;x;
b_ouiatchouan;Ouiatchouan;Ouiatchouan;Ouiatchouan;Ouiatchouan;Ouiatchouan;Ouiatchouan;Ouiatchouan;Ouiatchouan;Ouiatchouan;Ouiatchouan;Ouiatchouan;Ouiatchouan;Ouiatchouan;x;
b_tadoussac;Tadoussac;Tadoussac;Tadoussac;Tadoussac;Tadoussac;Tadoussac;Tadoussac;Tadoussac;Tadoussac;Tadoussac;Tadoussac;Tadoussac;Tadoussac;x;
b_piekuakami;Piekuakami;Piekuakami;Piekuakami;Piekuakami;Piekuakami;Piekuakami;Piekuakami;Piekuakami;Piekuakami;Piekuakami;Piekuakami;Piekuakami;Piekuakami;x;
b_peribonka;Peribonka;Peribonka;Peribonka;Peribonka;Peribonka;Peribonka;Peribonka;Peribonka;Peribonka;Peribonka;Peribonka;Peribonka;Peribonka;x;
c_nitaskinan;Nitaskinan;Nitaskinan;Nitaskinan;Nitaskinan;Nitaskinan;Nitaskinan;Nitaskinan;Nitaskinan;Nitaskinan;Nitaskinan;Nitaskinan;Nitaskinan;Nitaskinan;x;
c_nitaskinan_adj;Nitaskinan;Nitaskinan;Nitaskinan;Nitaskinan;Nitaskinan;Nitaskinan;Nitaskinan;Nitaskinan;Nitaskinan;Nitaskinan;Nitaskinan;Nitaskinan;Nitaskinan;x;
b_obedjiwan;Obedjiwan;Obedjiwan;Obedjiwan;Obedjiwan;Obedjiwan;Obedjiwan;Obedjiwan;Obedjiwan;Obedjiwan;Obedjiwan;Obedjiwan;Obedjiwan;Obedjiwan;x;
b_manawan;Manawan;Manawan;Manawan;Manawan;Manawan;Manawan;Manawan;Manawan;Manawan;Manawan;Manawan;Manawan;Manawan;x;
b_wemotaci;Wemotaci;Wemotaci;Wemotaci;Wemotaci;Wemotaci;Wemotaci;Wemotaci;Wemotaci;Wemotaci;Wemotaci;Wemotaci;Wemotaci;Wemotaci;x;
b_ushabatshuan;Ushabatshuan;Ushabatshuan;Ushabatshuan;Ushabatshuan;Ushabatshuan;Ushabatshuan;Ushabatshuan;Ushabatshuan;Ushabatshuan;Ushabatshuan;Ushabatshuan;Ushabatshuan;Ushabatshuan;x;
b_coucoucache;Coucoucache;Coucoucache;Coucoucache;Coucoucache;Coucoucache;Coucoucache;Coucoucache;Coucoucache;Coucoucache;Coucoucache;Coucoucache;Coucoucache;Coucoucache;x;
b_matawin;Matawin;Matawin;Matawin;Matawin;Matawin;Matawin;Matawin;Matawin;Matawin;Matawin;Matawin;Matawin;Matawin;x;
b_oskelaneo;Oskelaneo;Oskelaneo;Oskelaneo;Oskelaneo;Oskelaneo;Oskelaneo;Oskelaneo;Oskelaneo;Oskelaneo;Oskelaneo;Oskelaneo;Oskelaneo;Oskelaneo;x;
e_wabanaki;Wabanaki;Wabanaki;Wabanaki;Wabanaki;Wabanaki;Wabanaki;Wabanaki;Wabanaki;Wabanaki;Wabanaki;Wabanaki;Wabanaki;Wabanaki;x;
e_wabanaki_adj;Wabanaki;Wabanaki;Wabanaki;Wabanaki;Wabanaki;Wabanaki;Wabanaki;Wabanaki;Wabanaki;Wabanaki;Wabanaki;Wabanaki;Wabanaki;x;
k_mikmaq;Winterfell;Mi'kmaq;Mi'kmaq;Mi'kmaq;Mi'kmaq;Mi'kmaq;Mi'kmaq;Mi'kmaq;Mi'kmaq;Mi'kmaq;Mi'kmaq;Mi'kmaq;Mi'kmaq;x;
k_mikmaq_adj;Winterfell;Mi'kmaq;Mi'kmaq;Mi'kmaq;Mi'kmaq;Mi'kmaq;Mi'kmaq;Mi'kmaq;Mi'kmaq;Mi'kmaq;Mi'kmaq;Mi'kmaq;Mi'kmaq;x;
d_beothuk;Beothuk;Beothuk;Beothuk;Beothuk;Beothuk;Beothuk;Beothuk;Beothuk;Beothuk;Beothuk;Beothuk;Beothuk;Beothuk;x;
d_beothuk_adj;Beothuk;Beothuk;Beothuk;Beothuk;Beothuk;Beothuk;Beothuk;Beothuk;Beothuk;Beothuk;Beothuk;Beothuk;Beothuk;x;
c_maqtukwek;Maqtukwek;Maqtukwek;Maqtukwek;Maqtukwek;Maqtukwek;Maqtukwek;Maqtukwek;Maqtukwek;Maqtukwek;Maqtukwek;Maqtukwek;Maqtukwek;Maqtukwek;x;
c_maqtukwek_adj;Maqtukwek;Maqtukwek;Maqtukwek;Maqtukwek;Maqtukwek;Maqtukwek;Maqtukwek;Maqtukwek;Maqtukwek;Maqtukwek;Maqtukwek;Maqtukwek;Maqtukwek;x;
b_maqtukwek;Maqtukwek;Maqtukwek;Maqtukwek;Maqtukwek;Maqtukwek;Maqtukwek;Maqtukwek;Maqtukwek;Maqtukwek;Maqtukwek;Maqtukwek;Maqtukwek;Maqtukwek;x;
b_quirpon;Quirpon;Quirpon;Quirpon;Quirpon;Quirpon;Quirpon;Quirpon;Quirpon;Quirpon;Quirpon;Quirpon;Quirpon;Quirpon;x;
b_qalipu;Qalipu;Qalipu;Qalipu;Qalipu;Qalipu;Qalipu;Qalipu;Qalipu;Qalipu;Qalipu;Qalipu;Qalipu;Qalipu;x;
b_kwesowaak;Kwesowaak;Kwesowaak;Kwesowaak;Kwesowaak;Kwesowaak;Kwesowaak;Kwesowaak;Kwesowaak;Kwesowaak;Kwesowaak;Kwesowaak;Kwesowaak;Kwesowaak;x;
b_kitpu;Kitpu;Kitpu;Kitpu;Kitpu;Kitpu;Kitpu;Kitpu;Kitpu;Kitpu;Kitpu;Kitpu;Kitpu;Kitpu;x;
b_atoqwasueget;Atoqwasueget;Atoqwasueget;Atoqwasueget;Atoqwasueget;Atoqwasueget;Atoqwasueget;Atoqwasueget;Atoqwasueget;Atoqwasueget;Atoqwasueget;Atoqwasueget;Atoqwasueget;Atoqwasueget;x;
b_aguwathuna;Aguwathuna;Aguwathuna;Aguwathuna;Aguwathuna;Aguwathuna;Aguwathuna;Aguwathuna;Aguwathuna;Aguwathuna;Aguwathuna;Aguwathuna;Aguwathuna;Aguwathuna;x;
c_siinalk;Siinalk;Siinalk;Siinalk;Siinalk;Siinalk;Siinalk;Siinalk;Siinalk;Siinalk;Siinalk;Siinalk;Siinalk;Siinalk;x;
c_siinalk_adj;Siinalk;Siinalk;Siinalk;Siinalk;Siinalk;Siinalk;Siinalk;Siinalk;Siinalk;Siinalk;Siinalk;Siinalk;Siinalk;x;
b_siinalk;Siinalk;Siinalk;Siinalk;Siinalk;Siinalk;Siinalk;Siinalk;Siinalk;Siinalk;Siinalk;Siinalk;Siinalk;Siinalk;x;
b_megweguntew;Megweguntew;Megweguntew;Megweguntew;Megweguntew;Megweguntew;Megweguntew;Megweguntew;Megweguntew;Megweguntew;Megweguntew;Megweguntew;Megweguntew;Megweguntew;x;
b_nataqamtug;Nataqamtug;Nataqamtug;Nataqamtug;Nataqamtug;Nataqamtug;Nataqamtug;Nataqamtug;Nataqamtug;Nataqamtug;Nataqamtug;Nataqamtug;Nataqamtug;Nataqamtug;x;
b_pitaw;Pitaw;Pitaw;Pitaw;Pitaw;Pitaw;Pitaw;Pitaw;Pitaw;Pitaw;Pitaw;Pitaw;Pitaw;Pitaw;x;
b_lampoq;Lampoq;Lampoq;Lampoq;Lampoq;Lampoq;Lampoq;Lampoq;Lampoq;Lampoq;Lampoq;Lampoq;Lampoq;Lampoq;x;
b_psitnuj;Psitnuj;Psitnuj;Psitnuj;Psitnuj;Psitnuj;Psitnuj;Psitnuj;Psitnuj;Psitnuj;Psitnuj;Psitnuj;Psitnuj;Psitnuj;x;
b_gameg;Gameg;Gameg;Gameg;Gameg;Gameg;Gameg;Gameg;Gameg;Gameg;Gameg;Gameg;Gameg;Gameg;x;
c_beothuk;Beothuk;Beothuk;Beothuk;Beothuk;Beothuk;Beothuk;Beothuk;Beothuk;Beothuk;Beothuk;Beothuk;Beothuk;Beothuk;x;
c_beothuk_adj;Beothuk;Beothuk;Beothuk;Beothuk;Beothuk;Beothuk;Beothuk;Beothuk;Beothuk;Beothuk;Beothuk;Beothuk;Beothuk;x;
b_beothuk;Beothuk;Beothuk;Beothuk;Beothuk;Beothuk;Beothuk;Beothuk;Beothuk;Beothuk;Beothuk;Beothuk;Beothuk;Beothuk;x;
b_qapskuk;Qapskuk;Qapskuk;Qapskuk;Qapskuk;Qapskuk;Qapskuk;Qapskuk;Qapskuk;Qapskuk;Qapskuk;Qapskuk;Qapskuk;Qapskuk;x;
b_paqtesm;Paqtesm;Paqtesm;Paqtesm;Paqtesm;Paqtesm;Paqtesm;Paqtesm;Paqtesm;Paqtesm;Paqtesm;Paqtesm;Paqtesm;Paqtesm;x;
b_sulumgw;Sulumgw;Sulumgw;Sulumgw;Sulumgw;Sulumgw;Sulumgw;Sulumgw;Sulumgw;Sulumgw;Sulumgw;Sulumgw;Sulumgw;Sulumgw;x;
b_nipgasoqomasit;Nipgasoqomasit;Nipgasoqomasit;Nipgasoqomasit;Nipgasoqomasit;Nipgasoqomasit;Nipgasoqomasit;Nipgasoqomasit;Nipgasoqomasit;Nipgasoqomasit;Nipgasoqomasit;Nipgasoqomasit;Nipgasoqomasit;Nipgasoqomasit;x;
b_masgwesgospem;Masgwesgospem;Masgwesgospem;Masgwesgospem;Masgwesgospem;Masgwesgospem;Masgwesgospem;Masgwesgospem;Masgwesgospem;Masgwesgospem;Masgwesgospem;Masgwesgospem;Masgwesgospem;Masgwesgospem;x;
b_usgus;Usgus;Usgus;Usgus;Usgus;Usgus;Usgus;Usgus;Usgus;Usgus;Usgus;Usgus;Usgus;Usgus;x;
c_wabana;Wabana;Wabana;Wabana;Wabana;Wabana;Wabana;Wabana;Wabana;Wabana;Wabana;Wabana;Wabana;Wabana;x;
c_wabana_adj;Wabana;Wabana;Wabana;Wabana;Wabana;Wabana;Wabana;Wabana;Wabana;Wabana;Wabana;Wabana;Wabana;x;
b_wabana;Wabana;Wabana;Wabana;Wabana;Wabana;Wabana;Wabana;Wabana;Wabana;Wabana;Wabana;Wabana;Wabana;x;
b_miawpukek;Miawpukek;Miawpukek;Miawpukek;Miawpukek;Miawpukek;Miawpukek;Miawpukek;Miawpukek;Miawpukek;Miawpukek;Miawpukek;Miawpukek;Miawpukek;x;
b_samiaji;Samiaji;Samiaji;Samiaji;Samiaji;Samiaji;Samiaji;Samiaji;Samiaji;Samiaji;Samiaji;Samiaji;Samiaji;Samiaji;x;
b_jeddore;Jeddore;Jeddore;Jeddore;Jeddore;Jeddore;Jeddore;Jeddore;Jeddore;Jeddore;Jeddore;Jeddore;Jeddore;Jeddore;x;
b_jipujijkuei;Jipujijkuei;Jipujijkuei;Jipujijkuei;Jipujijkuei;Jipujijkuei;Jipujijkuei;Jipujijkuei;Jipujijkuei;Jipujijkuei;Jipujijkuei;Jipujijkuei;Jipujijkuei;Jipujijkuei;x;
b_wapusgospem;Wapusgospem;Wapusgospem;Wapusgospem;Wapusgospem;Wapusgospem;Wapusgospem;Wapusgospem;Wapusgospem;Wapusgospem;Wapusgospem;Wapusgospem;Wapusgospem;Wapusgospem;x;
b_gegupnguntew;Gegupnguntew;Gegupnguntew;Gegupnguntew;Gegupnguntew;Gegupnguntew;Gegupnguntew;Gegupnguntew;Gegupnguntew;Gegupnguntew;Gegupnguntew;Gegupnguntew;Gegupnguntew;Gegupnguntew;x;
c_wenjuikjikan;Wenjuikjikan;Wenjuikjikan;Wenjuikjikan;Wenjuikjikan;Wenjuikjikan;Wenjuikjikan;Wenjuikjikan;Wenjuikjikan;Wenjuikjikan;Wenjuikjikan;Wenjuikjikan;Wenjuikjikan;Wenjuikjikan;x;
c_wenjuikjikan_adj;Wenjuikjikan;Wenjuikjikan;Wenjuikjikan;Wenjuikjikan;Wenjuikjikan;Wenjuikjikan;Wenjuikjikan;Wenjuikjikan;Wenjuikjikan;Wenjuikjikan;Wenjuikjikan;Wenjuikjikan;Wenjuikjikan;x;
b_wenjuikjikan;Wenjuikjikan;Wenjuikjikan;Wenjuikjikan;Wenjuikjikan;Wenjuikjikan;Wenjuikjikan;Wenjuikjikan;Wenjuikjikan;Wenjuikjikan;Wenjuikjikan;Wenjuikjikan;Wenjuikjikan;Wenjuikjikan;x;
b_mikliin;Mikliin;Mikliin;Mikliin;Mikliin;Mikliin;Mikliin;Mikliin;Mikliin;Mikliin;Mikliin;Mikliin;Mikliin;Mikliin;x;
b_senpir;Senpir;Senpir;Senpir;Senpir;Senpir;Senpir;Senpir;Senpir;Senpir;Senpir;Senpir;Senpir;Senpir;x;
b_lmujteg;Lmujteg;Lmujteg;Lmujteg;Lmujteg;Lmujteg;Lmujteg;Lmujteg;Lmujteg;Lmujteg;Lmujteg;Lmujteg;Lmujteg;Lmujteg;x;
b_apjijgmuj;Apjijgmuj;Apjijgmuj;Apjijgmuj;Apjijgmuj;Apjijgmuj;Apjijgmuj;Apjijgmuj;Apjijgmuj;Apjijgmuj;Apjijgmuj;Apjijgmuj;Apjijgmuj;Apjijgmuj;x;
b_megwasitm;Megwasitm;Megwasitm;Megwasitm;Megwasitm;Megwasitm;Megwasitm;Megwasitm;Megwasitm;Megwasitm;Megwasitm;Megwasitm;Megwasitm;Megwasitm;x;
b_asugwesugwijig;Asugwesugwijig;Asugwesugwijig;Asugwesugwijig;Asugwesugwijig;Asugwesugwijig;Asugwesugwijig;Asugwesugwijig;Asugwesugwijig;Asugwesugwijig;Asugwesugwijig;Asugwesugwijig;Asugwesugwijig;Asugwesugwijig;x;
d_akadie;Akadie;Akadie;Akadie;Akadie;Akadie;Akadie;Akadie;Akadie;Akadie;Akadie;Akadie;Akadie;Akadie;x;
d_akadie_adj;Akadie;Akadie;Akadie;Akadie;Akadie;Akadie;Akadie;Akadie;Akadie;Akadie;Akadie;Akadie;Akadie;x;
c_unamakik;Unamakik;Unamakik;Unamakik;Unamakik;Unamakik;Unamakik;Unamakik;Unamakik;Unamakik;Unamakik;Unamakik;Unamakik;Unamakik;x;
c_unamakik_adj;Unamakik;Unamakik;Unamakik;Unamakik;Unamakik;Unamakik;Unamakik;Unamakik;Unamakik;Unamakik;Unamakik;Unamakik;Unamakik;x;
b_mniku;Mniku;Mniku;Mniku;Mniku;Mniku;Mniku;Mniku;Mniku;Mniku;Mniku;Mniku;Mniku;Mniku;x;
b_cibou;Cibou;Cibou;Cibou;Cibou;Cibou;Cibou;Cibou;Cibou;Cibou;Cibou;Cibou;Cibou;Cibou;x;
b_potlotek;Potlotek;Potlotek;Potlotek;Potlotek;Potlotek;Potlotek;Potlotek;Potlotek;Potlotek;Potlotek;Potlotek;Potlotek;Potlotek;x;
b_eskasoni;Eskasoni;Eskasoni;Eskasoni;Eskasoni;Eskasoni;Eskasoni;Eskasoni;Eskasoni;Eskasoni;Eskasoni;Eskasoni;Eskasoni;Eskasoni;x;
b_maupeltuk;Maupeltuk;Maupeltuk;Maupeltuk;Maupeltuk;Maupeltuk;Maupeltuk;Maupeltuk;Maupeltuk;Maupeltuk;Maupeltuk;Maupeltuk;Maupeltuk;Maupeltuk;x;
b_waycobah;Waycobah;Waycobah;Waycobah;Waycobah;Waycobah;Waycobah;Waycobah;Waycobah;Waycobah;Waycobah;Waycobah;Waycobah;Waycobah;x;
b_malabokek;Malabokek;Malabokek;Malabokek;Malabokek;Malabokek;Malabokek;Malabokek;Malabokek;Malabokek;Malabokek;Malabokek;Malabokek;Malabokek;x;
c_eskikewakik;Eskikewakik;Eskikewakik;Eskikewakik;Eskikewakik;Eskikewakik;Eskikewakik;Eskikewakik;Eskikewakik;Eskikewakik;Eskikewakik;Eskikewakik;Eskikewakik;Eskikewakik;x;
c_eskikewakik_adj;Eskikewakik;Eskikewakik;Eskikewakik;Eskikewakik;Eskikewakik;Eskikewakik;Eskikewakik;Eskikewakik;Eskikewakik;Eskikewakik;Eskikewakik;Eskikewakik;Eskikewakik;x;
b_pogumkek;Pogumkek;Pogumkek;Pogumkek;Pogumkek;Pogumkek;Pogumkek;Pogumkek;Pogumkek;Pogumkek;Pogumkek;Pogumkek;Pogumkek;Pogumkek;x;
b_ecumsecum;Ecumsecum;Ecumsecum;Ecumsecum;Ecumsecum;Ecumsecum;Ecumsecum;Ecumsecum;Ecumsecum;Ecumsecum;Ecumsecum;Ecumsecum;Ecumsecum;Ecumsecum;x;
b_noogoomkeak;Noogoomkeak;Noogoomkeak;Noogoomkeak;Noogoomkeak;Noogoomkeak;Noogoomkeak;Noogoomkeak;Noogoomkeak;Noogoomkeak;Noogoomkeak;Noogoomkeak;Noogoomkeak;Noogoomkeak;x;
b_chedabuctou;Chedabuctou;Chedabuctou;Chedabuctou;Chedabuctou;Chedabuctou;Chedabuctou;Chedabuctou;Chedabuctou;Chedabuctou;Chedabuctou;Chedabuctou;Chedabuctou;Chedabuctou;x;
b_musquodoboit;Musquodoboit;Musquodoboit;Musquodoboit;Musquodoboit;Musquodoboit;Musquodoboit;Musquodoboit;Musquodoboit;Musquodoboit;Musquodoboit;Musquodoboit;Musquodoboit;Musquodoboit;x;
b_kamsok;Kamsok;Kamsok;Kamsok;Kamsok;Kamsok;Kamsok;Kamsok;Kamsok;Kamsok;Kamsok;Kamsok;Kamsok;Kamsok;x;
b_stewiacke;Stewiacke;Stewiacke;Stewiacke;Stewiacke;Stewiacke;Stewiacke;Stewiacke;Stewiacke;Stewiacke;Stewiacke;Stewiacke;Stewiacke;Stewiacke;x;
c_sipeknikatik;Sipeknikatik;Sipeknikatik;Sipeknikatik;Sipeknikatik;Sipeknikatik;Sipeknikatik;Sipeknikatik;Sipeknikatik;Sipeknikatik;Sipeknikatik;Sipeknikatik;Sipeknikatik;Sipeknikatik;x;
c_sipeknikatik_adj;Sipeknikatik;Sipeknikatik;Sipeknikatik;Sipeknikatik;Sipeknikatik;Sipeknikatik;Sipeknikatik;Sipeknikatik;Sipeknikatik;Sipeknikatik;Sipeknikatik;Sipeknikatik;Sipeknikatik;x;
b_sipeknikatik;Sipeknikatik;Sipeknikatik;Sipeknikatik;Sipeknikatik;Sipeknikatik;Sipeknikatik;Sipeknikatik;Sipeknikatik;Sipeknikatik;Sipeknikatik;Sipeknikatik;Sipeknikatik;Sipeknikatik;x;
b_kjipuktuk;Kjipuktuk;Kjipuktuk;Kjipuktuk;Kjipuktuk;Kjipuktuk;Kjipuktuk;Kjipuktuk;Kjipuktuk;Kjipuktuk;Kjipuktuk;Kjipuktuk;Kjipuktuk;Kjipuktuk;x;
b_kakagwek;Kakagwek;Kakagwek;Kakagwek;Kakagwek;Kakagwek;Kakagwek;Kakagwek;Kakagwek;Kakagwek;Kakagwek;Kakagwek;Kakagwek;Kakagwek;x;
b_wekistoqnik;Wekistoqnik;Wekistoqnik;Wekistoqnik;Wekistoqnik;Wekistoqnik;Wekistoqnik;Wekistoqnik;Wekistoqnik;Wekistoqnik;Wekistoqnik;Wekistoqnik;Wekistoqnik;Wekistoqnik;x;
b_kampalijek;Kampalijek;Kampalijek;Kampalijek;Kampalijek;Kampalijek;Kampalijek;Kampalijek;Kampalijek;Kampalijek;Kampalijek;KaKampalijekmsok;Kampalijek;Kampalijek;x;
b_pesikitk;Pesikitk;Pesikitk;Pesikitk;Pesikitk;Pesikitk;Pesikitk;Pesikitk;Pesikitk;Pesikitk;Pesikitk;Pesikitk;Pesikitk;Pesikitk;x;
b_jijuktukwejk;Jijuktukwejk;Jijuktukwejk;Jijuktukwejk;Jijuktukwejk;Jijuktukwejk;Jijuktukwejk;Jijuktukwejk;Jijuktukwejk;Jijuktukwejk;Jijuktukwejk;Jijuktukwejk;Jijuktukwejk;Jijuktukwejk;x;
c_kespukwitk;Kespukwitk;Kespukwitk;Kespukwitk;Kespukwitk;Kespukwitk;Kespukwitk;Kespukwitk;Kespukwitk;Kespukwitk;Kespukwitk;Kespukwitk;Kespukwitk;Kespukwitk;x;
c_kespukwitk_adj;Kespukwitk;Kespukwitk;Kespukwitk;Kespukwitk;Kespukwitk;Kespukwitk;Kespukwitk;Kespukwitk;Kespukwitk;Kespukwitk;Kespukwitk;Kespukwitk;Kespukwitk;x;
b_kespukwitk;Kespukwitk;Kespukwitk;Kespukwitk;Kespukwitk;Kespukwitk;Kespukwitk;Kespukwitk;Kespukwitk;Kespukwitk;Kespukwitk;Kespukwitk;Kespukwitk;Kespukwitk;x;
b_malikiaq;Malikiaq;Malikiaq;Malikiaq;Malikiaq;Malikiaq;Malikiaq;Malikiaq;Malikiaq;Malikiaq;Malikiaq;Malikiaq;Malikiaq;Malikiaq;x;
b_lsetkuk;Lsetkuk;Lsetkuk;Lsetkuk;Lsetkuk;Lsetkuk;Lsetkuk;Lsetkuk;Lsetkuk;Lsetkuk;Lsetkuk;Lsetkuk;Lsetkuk;Lsetkuk;x;
b_eelsetkook;Eelsetkook;Eelsetkook;Eelsetkook;Eelsetkook;Eelsetkook;Eelsetkook;Eelsetkook;Eelsetkook;Eelsetkook;Eelsetkook;Eelsetkook;Eelsetkook;Eelsetkook;x;
b_chijekwtook;Chijekwtook;Chijekwtook;Chijekwtook;Chijekwtook;Chijekwtook;Chijekwtook;Chijekwtook;Chijekwtook;Chijekwtook;Chijekwtook;Chijekwtook;Chijekwtook;Chijekwtook;x;
b_ponhook;Ponhook;Ponhook;Ponhook;Ponhook;Ponhook;Ponhook;Ponhook;Ponhook;Ponhook;Ponhook;Ponhook;Ponhook;Ponhook;x;
b_kejimkujik;Kejimkujik;Kejimkujik;Kejimkujik;Kejimkujik;Kejimkujik;Kejimkujik;Kejimkujik;Kejimkujik;Kejimkujik;Kejimkujik;Kejimkujik;Kejimkujik;Kejimkujik;x;
d_epekwitk;Epekwitk;Epekwitk;Epekwitk;Epekwitk;Epekwitk;Epekwitk;Epekwitk;Epekwitk;Epekwitk;Epekwitk;Epekwitk;Epekwitk;Epekwitk;x;
d_epekwitk_adj;Epekwitk;Epekwitk;Epekwitk;Epekwitk;Epekwitk;Epekwitk;Epekwitk;Epekwitk;Epekwitk;Epekwitk;Epekwitk;Epekwitk;Epekwitk;x;
c_epekwitk;Epekwitk;Epekwitk;Epekwitk;Epekwitk;Epekwitk;Epekwitk;Epekwitk;Epekwitk;Epekwitk;Epekwitk;Epekwitk;Epekwitk;Epekwitk;x;
c_epekwitk_adj;Epekwitk;Epekwitk;Epekwitk;Epekwitk;Epekwitk;Epekwitk;Epekwitk;Epekwitk;Epekwitk;Epekwitk;Epekwitk;Epekwitk;Epekwitk;x;
b_skaqmk;Skaqmk;Skaqmk;Skaqmk;Skaqmk;Skaqmk;Skaqmk;Skaqmk;Skaqmk;Skaqmk;Skaqmk;Skaqmk;Skaqmk;Skaqmk;x;
b_mimtugaak;Mimtugaak;Mimtugaak;Mimtugaak;Mimtugaak;Mimtugaak;Mimtugaak;Mimtugaak;Mimtugaak;Mimtugaak;Mimtugaak;Mimtugaak;Mimtugaak;Mimtugaak;x;
b_kadotpichk;Kadotpichk;Kadotpichk;Kadotpichk;Kadotpichk;Kadotpichk;Kadotpichk;Kadotpichk;Kadotpichk;Kadotpichk;Kadotpichk;Kadotpichk;Kadotpichk;Kadotpichk;x;
b_lnui_minegoo;Lnui Minegoo;Lnui Minegoo;Lnui Minegoo;Lnui Minegoo;Lnui Minegoo;Lnui Minegoo;Lnui Minegoo;Lnui Minegoo;Lnui Minegoo;Lnui Minegoo;Lnui Minegoo;Lnui Minegoo;Lnui Minegoo;x;
b_miscouche;Miscouche;Miscouche;Miscouche;Miscouche;Miscouche;Miscouche;Miscouche;Miscouche;Miscouche;Miscouche;Miscouche;Miscouche;Miscouche;x;
b_mtagunich;Mtagunich;Mtagunich;Mtagunich;Mtagunich;Mtagunich;Mtagunich;Mtagunich;Mtagunich;Mtagunich;Mtagunich;Mtagunich;Mtagunich;Mtagunich;x;
b_cascumpec;Cascumpec;Cascumpec;Cascumpec;Cascumpec;Cascumpec;Cascumpec;Cascumpec;Cascumpec;Cascumpec;Cascumpec;Cascumpec;Cascumpec;Cascumpec;x;
c_menagoesengo;Menagoesengo;Menagoesengo;Menagoesengo;Menagoesengo;Menagoesengo;Menagoesengo;Menagoesengo;Menagoesengo;Menagoesengo;Menagoesengo;Menagoesengo;Menagoesengo;Menagoesengo;x;
c_menagoesengo_adj;Menagoesengo;Menagoesengo;Menagoesengo;Menagoesengo;Menagoesengo;Menagoesengo;Menagoesengo;Menagoesengo;Menagoesengo;Menagoesengo;Menagoesengo;Menagoesengo;Menagoesengo;x;
b_menagoesengo;Menagoesengo;Menagoesengo;Menagoesengo;Menagoesengo;Menagoesengo;Menagoesengo;Menagoesengo;Menagoesengo;Menagoesengo;Menagoesengo;Menagoesengo;Menagoesengo;Menagoesengo;x;
b_sitmwaspu;Sitmwaspu;Sitmwaspu;Sitmwaspu;Sitmwaspu;Sitmwaspu;Sitmwaspu;Sitmwaspu;Sitmwaspu;Sitmwaspu;Sitmwaspu;Sitmwaspu;Sitmwaspu;Sitmwaspu;x;
b_gloqontiejik;Gloqontiejik;Gloqontiejik;Gloqontiejik;Gloqontiejik;Gloqontiejik;Gloqontiejik;Gloqontiejik;Gloqontiejik;Gloqontiejik;Gloqontiejik;Gloqontiejik;Gloqontiejik;Gloqontiejik;x;
b_maqatgwig;Maqatgwig;Maqatgwig;Maqatgwig;Maqatgwig;Maqatgwig;Maqatgwig;Maqatgwig;Maqatgwig;Maqatgwig;Maqatgwig;Maqatgwig;Maqatgwig;Maqatgwig;x;
b_pogwin;Pogwin;Pogwin;Pogwin;Pogwin;Pogwin;Pogwin;Pogwin;Pogwin;Pogwin;Pogwin;Pogwin;Pogwin;Pogwin;x;
b_putpatuomg;Putpatuomg;Putpatuomg;Putpatuomg;Putpatuomg;Putpatuomg;Putpatuomg;Putpatuomg;Putpatuomg;Putpatuomg;Putpatuomg;Putpatuomg;Putpatuomg;Putpatuomg;x;
b_gateweget;Gateweget;Gateweget;Gateweget;Gateweget;Gateweget;Gateweget;Gateweget;Gateweget;Gateweget;Gateweget;Gateweget;Gateweget;Gateweget;x;
c_piktuk;Piktuk;Piktuk;Piktuk;Piktuk;Piktuk;Piktuk;Piktuk;Piktuk;Piktuk;Piktuk;Piktuk;Piktuk;Piktuk;x;
c_piktuk_adj;Piktuk;Piktuk;Piktuk;Piktuk;Piktuk;Piktuk;Piktuk;Piktuk;Piktuk;Piktuk;Piktuk;Piktuk;Piktuk;x;
b_piktuk;Piktuk;Piktuk;Piktuk;Piktuk;Piktuk;Piktuk;Piktuk;Piktuk;Piktuk;Piktuk;Piktuk;Piktuk;Piktuk;x;
b_wekopekwitk;Wekopekwitk;Wekopekwitk;Wekopekwitk;Wekopekwitk;Wekopekwitk;Wekopekwitk;Wekopekwitk;Wekopekwitk;Wekopekwitk;Wekopekwitk;Wekopekwitk;Wekopekwitk;Wekopekwitk;x;
b_paqtnkek;Paqtnkek;Paqtnkek;Paqtnkek;Paqtnkek;Paqtnkek;Paqtnkek;Paqtnkek;Paqtnkek;Paqtnkek;Paqtnkek;Paqtnkek;Paqtnkek;Paqtnkek;x;
b_nemcheboogwek;Nemcheboogwek;Nemcheboogwek;Nemcheboogwek;Nemcheboogwek;Nemcheboogwek;Nemcheboogwek;Nemcheboogwek;Nemcheboogwek;Nemcheboogwek;Nemcheboogwek;Nemcheboogwek;Nemcheboogwek;Nemcheboogwek;x;
b_puksaqteknekatik;Puksaqteknekatik;Puksaqteknekatik;Puksaqteknekatik;Puksaqteknekatik;Puksaqteknekatik;Puksaqteknekatik;Puksaqteknekatik;Puksaqteknekatik;Puksaqteknekatik;Puksaqteknekatik;Puksaqteknekatik;Puksaqteknekatik;Puksaqteknekatik;x;
b_chignecto;Chignecto;Chignecto;Chignecto;Chignecto;Chignecto;Chignecto;Chignecto;Chignecto;Chignecto;Chignecto;Chignecto;Chignecto;Chignecto;x;
b_pagweak;Pagweak;Pagweak;Pagweak;Pagweak;Pagweak;Pagweak;Pagweak;Pagweak;Pagweak;Pagweak;Pagweak;Pagweak;Pagweak;x;
d_kespek;Kespek;Kespek;Kespek;Kespek;Kespek;Kespek;Kespek;Kespek;Kespek;Kespek;Kespek;Kespek;Kespek;x;
d_kespek_adj;Kespek;Kespek;Kespek;Kespek;Kespek;Kespek;Kespek;Kespek;Kespek;Kespek;Kespek;Kespek;Kespek;x;
c_kespek;Kespek;Kespek;Kespek;Kespek;Kespek;Kespek;Kespek;Kespek;Kespek;Kespek;Kespek;Kespek;Kespek;x;
c_kespek_adj;Kespek;Kespek;Kespek;Kespek;Kespek;Kespek;Kespek;Kespek;Kespek;Kespek;Kespek;Kespek;Kespek;x;
b_kespek;Kespek;Kespek;Kespek;Kespek;Kespek;Kespek;Kespek;Kespek;Kespek;Kespek;Kespek;Kespek;Kespek;x;
b_wisiamkik;Wisiamkik;Wisiamkik;Wisiamkik;Wisiamkik;Wisiamkik;Wisiamkik;Wisiamkik;Wisiamkik;Wisiamkik;Wisiamkik;Wisiamkik;Wisiamkik;Wisiamkik;x;
b_keskapekiaq;Keskapekiaq;Keskapekiaq;Keskapekiaq;Keskapekiaq;Keskapekiaq;Keskapekiaq;Keskapekiaq;Keskapekiaq;Keskapekiaq;Keskapekiaq;Keskapekiaq;Keskapekiaq;Keskapekiaq;x;
b_listikujk;Listikujk;Listikujk;Listikujk;Listikujk;Listikujk;Listikujk;Listikujk;Listikujk;Listikujk;Listikujk;Listikujk;Listikujk;Listikujk;x;
b_kekwapskuk;Kekwapskuk;Kekwapskuk;Kekwapskuk;Kekwapskuk;Kekwapskuk;Kekwapskuk;Kekwapskuk;Kekwapskuk;Kekwapskuk;Kekwapskuk;Kekwapskuk;Kekwapskuk;Kekwapskuk;x;
b_wospegiak;Wospegiak;Wospegiak;Wospegiak;Wospegiak;Wospegiak;Wospegiak;Wospegiak;Wospegiak;Wospegiak;Wospegiak;Wospegiak;Wospegiak;Wospegiak;x;
b_sigsog;Sigsog;Sigsog;Sigsog;Sigsog;Sigsog;Sigsog;Sigsog;Sigsog;Sigsog;Sigsog;Sigsog;Sigsog;Sigsog;x;
c_siknikt;Siknikt;Siknikt;Siknikt;Siknikt;Siknikt;Siknikt;Siknikt;Siknikt;Siknikt;Siknikt;Siknikt;Siknikt;Siknikt;x;
c_siknikt_adj;Siknikt;Siknikt;Siknikt;Siknikt;Siknikt;Siknikt;Siknikt;Siknikt;Siknikt;Siknikt;Siknikt;Siknikt;Siknikt;x;
b_natuaqanek;Natuaqanek;Natuaqanek;Natuaqanek;Natuaqanek;Natuaqanek;Natuaqanek;Natuaqanek;Natuaqanek;Natuaqanek;Natuaqanek;Natuaqanek;Natuaqanek;Natuaqanek;x;
b_petkootkweak;Petkootkweak;Petkootkweak;Petkootkweak;Petkootkweak;Petkootkweak;Petkootkweak;Petkootkweak;Petkootkweak;Petkootkweak;Petkootkweak;Petkootkweak;Petkootkweak;Petkootkweak;x;
b_eskinuopitijk;Eskinuopitijk;Eskinuopitijk;Eskinuopitijk;Eskinuopitijk;Eskinuopitijk;Eskinuopitijk;Eskinuopitijk;Eskinuopitijk;Eskinuopitijk;Eskinuopitijk;Eskinuopitijk;Eskinuopitijk;Eskinuopitijk;x;
b_metepnakiaq;Metepnakiaq;Metepnakiaq;Metepnakiaq;Metepnakiaq;Metepnakiaq;Metepnakiaq;Metepnakiaq;Metepnakiaq;Metepnakiaq;Metepnakiaq;Metepnakiaq;Metepnakiaq;Metepnakiaq;x;
b_lsipuktuk;Lsipuktuk;Lsipuktuk;Lsipuktuk;Lsipuktuk;Lsipuktuk;Lsipuktuk;Lsipuktuk;Lsipuktuk;Lsipuktuk;Lsipuktuk;Lsipuktuk;Lsipuktuk;Lsipuktuk;x;
b_ugpiganjig;Ugpiganjig;Ugpiganjig;Ugpiganjig;Ugpiganjig;Ugpiganjig;Ugpiganjig;Ugpiganjig;Ugpiganjig;Ugpiganjig;Ugpiganjig;Ugpiganjig;Ugpiganjig;Ugpiganjig;x;
b_puktusk;Puktusk;Puktusk;Puktusk;Puktusk;Puktusk;Puktusk;Puktusk;Puktusk;Puktusk;Puktusk;Puktusk;Puktusk;Puktusk;x;
c_natigosteg;Natigosteg;Natigosteg;Natigosteg;Natigosteg;Natigosteg;Natigosteg;Natigosteg;Natigosteg;Natigosteg;Natigosteg;Natigosteg;Natigosteg;Natigosteg;x;
c_natigosteg_adj;Natigosteg;Natigosteg;Natigosteg;Natigosteg;Natigosteg;Natigosteg;Natigosteg;Natigosteg;Natigosteg;Natigosteg;Natigosteg;Natigosteg;Natigosteg;x;
b_natigosteg;Natigosteg;Natigosteg;Natigosteg;Natigosteg;Natigosteg;Natigosteg;Natigosteg;Natigosteg;Natigosteg;Natigosteg;Natigosteg;Natigosteg;Natigosteg;x;
b_kakawis;Kakawis;Kakawis;Kakawis;Kakawis;Kakawis;Kakawis;Kakawis;Kakawis;Kakawis;Kakawis;Kakawis;Kakawis;Kakawis;x;
b_lstgug;Lstgug;Lstgug;Lstgug;Lstgug;Lstgug;Lstgug;Lstgug;Lstgug;Lstgug;Lstgug;Lstgug;Lstgug;Lstgug;x;
b_najitiamuin;Najitiamuin;Najitiamuin;Najitiamuin;Najitiamuin;Najitiamuin;Najitiamuin;Najitiamuin;Najitiamuin;Najitiamuin;Najitiamuin;Najitiamuin;Najitiamuin;Najitiamuin;x;
b_tiamugwet;Tiamugwet;Tiamugwet;Tiamugwet;Tiamugwet;Tiamugwet;Tiamugwet;Tiamugwet;Tiamugwet;Tiamugwet;Tiamugwet;Tiamugwet;Tiamugwet;Tiamugwet;x;
b_najigateget;Najigateget;Najigateget;Najigateget;Najigateget;Najigateget;Najigateget;Najigateget;Najigateget;Najigateget;Najigateget;Najigateget;Najigateget;Najigateget;x;
b_amaljugwej;Amaljugwej;Amaljugwej;Amaljugwej;Amaljugwej;Amaljugwej;Amaljugwej;Amaljugwej;Amaljugwej;Amaljugwej;Amaljugwej;Amaljugwej;Amaljugwej;Amaljugwej;x;
k_ojibwe;Ojibwe;;;;;;;;;;;;;x
k_ojibwe_adj;Ojibwe;;;;;;;;;;;;;x
d_peawanuck;Peawanuck;;;;;;;;;;;;;x
d_peawanuck_adj;Peawanuck;;;;;;;;;;;;;x
c_goose_creek;Goose Creek;;;;;;;;;;;;;x
c_goose_creek_adj;Goose Creek;;;;;;;;;;;;;x
b_goose_creek;Goose Creek;;;;;;;;;;;;;x
c_peawanuck;Peawanuck;;;;;;;;;;;;;x
c_peawanuck_adj;Peawanuck;;;;;;;;;;;;;x
b_peawanuck;Peawanuck;;;;;;;;;;;;;x
c_chamatawa;Chamatawa;;;;;;;;;;;;;x
c_chamatawa_adj;Chamatawa;;;;;;;;;;;;;x
b_chamatawa;Chamatawa;;;;;;;;;;;;;x
c_webequie;Webequie;;;;;;;;;;;;;x
c_webequie_adj;Webequie;;;;;;;;;;;;;x
b_webequie;Webequie;;;;;;;;;;;;;x
c_wasagamack;Wasagamack;;;;;;;;;;;;;x
c_wasagamack_adj;Wasagamack;;;;;;;;;;;;;x
b_wasagamack;Wasagamack;;;;;;;;;;;;;x
d_the_pass;The Pass;;;;;;;;;;;;;x
d_the_pass_adj;The Pass;;;;;;;;;;;;;x
c_southend;Southend;;;;;;;;;;;;;x
c_southend_adj;Southend;;;;;;;;;;;;;x
b_southendnew;Southend;;;;;;;;;;;;;x
b_westlakenew;West lake;;;;;;;;;;;;;x
b_reindeernew;Reindeer;;;;;;;;;;;;;x
c_baker_narrows;Baker Narrows;;;;;;;;;;;;;x
c_baker_narrows_adj;Baker Narrows;;;;;;;;;;;;;x
b_baker_narrows;Baker Narrows;;;;;;;;;;;;;x
b_big_island4;Big Island;;;;;;;;;;;;;x
b_payuk_lake;Payuk Lake;;;;;;;;;;;;;x
c_pikwitonei;Pikwitonei;;;;;;;;;;;;;x
c_pikwitonei_adj;Pikwitonei;;;;;;;;;;;;;x
b_pikwitonei;Pikwitonei;;;;;;;;;;;;;x
b_matago;Matago;;;;;;;;;;;;;x
b_thompson;Thompson;;;;;;;;;;;;;x
b_paint_lake;Paint Lake;;;;;;;;;;;;;x
b_thicket_portage;Thicket Portage;;;;;;;;;;;;;x
c_pukatawagan;Pukatawagan;;;;;;;;;;;;;x
c_pukatawagan_adj;Pukatawagan;;;;;;;;;;;;;x
b_pukatawagan;Pukatawagan;;;;;;;;;;;;;x
b_sakastew;Sakastew;;;;;;;;;;;;;x
b_hone;Hone;;;;;;;;;;;;;x
b_sandy_bay;Sandy Bay;;;;;;;;;;;;;x
c_long_spruce;Long Spruce;;;;;;;;;;;;;x
c_long_spruce_adj;Long Spruce;;;;;;;;;;;;;x
b_long_spruce;Long Spruce;;;;;;;;;;;;;x
b_sundance;Sun Dance;;;;;;;;;;;;;x
b_gillam;Gillam;;;;;;;;;;;;;x
b_bird;Bird;;;;;;;;;;;;;x
c_the_pass;The Pass;;;;;;;;;;;;;x
c_the_pass_adj;The Pass;;;;;;;;;;;;;x
b_the_pass;The Pass;;;;;;;;;;;;;x
b_big_eddy;Big Eddy;;;;;;;;;;;;;x
b_ralls_island;Ralls;;;;;;;;;;;;;x
b_young_point;Young Point;;;;;;;;;;;;;x
b_freshford;Freshford;;;;;;;;;;;;;x
d_neepawa;Neepawa;;;;;;;;;;;;;x
d_neepawa_adj;Neepawa;;;;;;;;;;;;;x
c_neepawa;Neepawa;;;;;;;;;;;;;x
c_neepawa_adj;Neepawa;;;;;;;;;;;;;x
b_neepawa;Neepawa;;;;;;;;;;;;;x
b_minnedosa;Minnedosa;;;;;;;;;;;;;x
b_eden;Eden;;;;;;;;;;;;;x
b_arden;Arden;;;;;;;;;;;;;x
b_brookdale;Brookdale;;;;;;;;;;;;;x
b_keyes;Keyes;;;;;;;;;;;;;x
b_birnie;Birnie;;;;;;;;;;;;;x
c_minitonas;Minitonas;;;;;;;;;;;;;x
c_minitonas_adj;Minitonas;;;;;;;;;;;;;x
b_minitonas;Minitonas;;;;;;;;;;;;;x
b_craigsford;Craigsford;;;;;;;;;;;;;x
b_cowan;Cowan;;;;;;;;;;;;;x
b_lidstone;Lidstone;;;;;;;;;;;;;x
b_kenville;Kenville;;;;;;;;;;;;;x
b_swan_river;Swan River;;;;;;;;;;;;;x
c_skownan;Skownan;;;;;;;;;;;;;x
c_skownan_adj;Skownan;;;;;;;;;;;;;x
b_skownan;Skownan;;;;;;;;;;;;;x
b_rock_ridge;Rock Ridge;;;;;;;;;;;;;x
b_waterhen;Waterhen;;;;;;;;;;;;;x
b_meadow_portage;Meadow Portage;;;;;;;;;;;;;x
b_homebrook;Homebrook;;;;;;;;;;;;;x
c_fisher_river;Fisher River;;;;;;;;;;;;;x
c_fisher_river_adj;Fisher River;;;;;;;;;;;;;x
b_fisher_river;Fisher River;;;;;;;;;;;;;x
b_red_rose;Red Rose;;;;;;;;;;;;;x
b_peguis;Peguis;;;;;;;;;;;;;x
b_harwill;Harwill;;;;;;;;;;;;;x
b_little_bullhead;Little Bullhead;;;;;;;;;;;;;x
b_pine_dock;Pine Dock;;;;;;;;;;;;;x
b_okno;Okno;;;;;;;;;;;;;x
c_pinawa;Pinawa;;;;;;;;;;;;;x
c_pinawa_adj;Pinawa;;;;;;;;;;;;;x
b_pinawa;Pinawa;;;;;;;;;;;;;x
b_otter_falls;Otter Falls;;;;;;;;;;;;;x
b_nutmik_lake;Nutmik Lake;;;;;;;;;;;;;x
b_lee_river;Lee River;;;;;;;;;;;;;x
b_poplar_bay;Poplar Bay;;;;;;;;;;;;;x
b_seven_sister_falls;Seven Sister Falls;;;;;;;;;;;;;x
c_manigotagan;Manigotagan;;;;;;;;;;;;;x
c_manigotagan_adj;Manigotagan;;;;;;;;;;;;;x
b_manigotagan;Manigotagan;;;;;;;;;;;;;x
b_hollow_water;Hollow Water;;;;;;;;;;;;;x
b_seymourville;Seymourville;;;;;;;;;;;;;x
b_little_black_river;Little Black River;;;;;;;;;;;;;x
b_wadhope;Wadhope;;;;;;;;;;;;;x
d_manitou;Manitou;;;;;;;;;;;;;x
d_manitou_adj;Manitou;;;;;;;;;;;;;x
b_manitou;Manitou;;;;;;;;;;;;;x
b_kaleida;Kaleida;;;;;;;;;;;;;x
b_swan_lake;Swan Lake;;;;;;;;;;;;;x
b_treherne;Treherne;;;;;;;;;;;;;x
b_thornhill;Thornhill;;;;;;;;;;;;;x
b_fallison;Fallison;;;;;;;;;;;;;x
b_mowbray;Mowbray;;;;;;;;;;;;;x
c_winnipeg;Winnipeg;;;;;;;;;;;;;x
c_winnipeg_adj;Winnipeg;;;;;;;;;;;;;x
b_winnipeg;Winnipeg;;;;;;;;;;;;;x
b_oak_bluff;Oak Bluff;;;;;;;;;;;;;x
b_rosser;Rosser;;;;;;;;;;;;;x
b_niverville;Niverville;;;;;;;;;;;;;x
b_elie;Elie;;;;;;;;;;;;;x
b_starbuck;Starbuck;;;;;;;;;;;;;x
b_dugald;Dugald;;;;;;;;;;;;;x
c_kenora;Kenora;;;;;;;;;;;;;x
c_kenora_adj;Kenora;;;;;;;;;;;;;x
b_kenora;Kenora;;;;;;;;;;;;;x
b_redditt;Reddit;;;;;;;;;;;;;x
b_minaki;Minaki;;;;;;;;;;;;;x
b_laclu;Laclu;;;;;;;;;;;;;x
b_sioux_narrows;Sioux Narrows;;;;;;;;;;;;;x
b_whitedog;Whitedog;;;;;;;;;;;;;x
b_french_portage;French Portage;;;;;;;;;;;;;x
c_atikokan;Atikokan;;;;;;;;;;;;;x
c_atikokan_adj;Atikokan;;;;;;;;;;;;;x
b_atikokan;Atikokan;;;;;;;;;;;;;x
b_sapawe;Sapawe;;;;;;;;;;;;;x
b_kawene;Kawene;;;;;;;;;;;;;x
b_steep_rock_lake;Steep Rock;;;;;;;;;;;;;x
b_serene_river;Serene River;;;;;;;;;;;;;x
c_savant_lake;Savant Lake;;;;;;;;;;;;;x
c_savant_lake_adj;Savant Lake;;;;;;;;;;;;;x
b_savant_lake;Savant Lake;;;;;;;;;;;;;x
b_ignace;Ignace;;;;;;;;;;;;;x
b_dryden;Dryden;;;;;;;;;;;;;x
b_new_osnaburgh;New Osnaburgh;;;;;;;;;;;;;x
c_nipigon;Nipigon;;;;;;;;;;;;;x
c_nipigon_adj;Nipigon;;;;;;;;;;;;;x
b_nipigon;Nipigon;;;;;;;;;;;;;x
b_red_rocknew;Red Rock;;;;;;;;;;;;;x
b_hurkettnew;Hurkett;;;;;;;;;;;;;x
b_oumetnew;Oumet;;;;;;;;;;;;;x
b_pearlnew;Pearl;;;;;;;;;;;;;x
b_cameron_fallsnew;Cameron Falls;;;;;;;;;;;;;x
k_blackfoot;Blackfoot;;;;;;;;;;;;;x
k_blackfoot_adj;Blackfoot;;;;;;;;;;;;;x
d_bienfait;Bienfait;;;;;;;;;;;;;x
d_bienfait_adj;Bienfait;;;;;;;;;;;;;x
c_bienfait;Bienfait;;;;;;;;;;;;;x
c_bienfait_adj;Bienfait;;;;;;;;;;;;;x
b_bienfait;Bienfait;;;;;;;;;;;;;x
b_foeda;Foeda;;;;;;;;;;;;;x
b_coalfields;Coalfields;;;;;;;;;;;;;x
b_estevan;Estevan;;;;;;;;;;;;;x
c_napinka;Napinka;;;;;;;;;;;;;x
c_napinka_adj;Napinka;;;;;;;;;;;;;x
b_napinka;Napinka;;;;;;;;;;;;;x
b_medora;Medora;;;;;;;;;;;;;x
b_lauder;Lauder;;;;;;;;;;;;;x
b_broomhill;Broomhill;;;;;;;;;;;;;x
b_dand;Dand;;;;;;;;;;;;;x
c_waskada;Waskada;;;;;;;;;;;;;x
c_waskada_adj;Waskada;;;;;;;;;;;;;x
b_waskada;Waskada;;;;;;;;;;;;;x
b_goodlands;Goodlands;;;;;;;;;;;;;x
b_dalny;Dalny;;;;;;;;;;;;;x
b_deloraine;Deloraine;;;;;;;;;;;;;x
c_oak_lake;Oak Lake;;;;;;;;;;;;;x
c_oak_lake_adj;Oak Lake;;;;;;;;;;;;;x
b_oak_lake;Oak Lake;;;;;;;;;;;;;x
b_algar;Algar;;;;;;;;;;;;;x
b_griswold;Griswold;;;;;;;;;;;;;x
b_roufledge;Roufledge;;;;;;;;;;;;;x
b_cherry_point;Cherry Point;;;;;;;;;;;;;x
b_lenore;Lenore;;;;;;;;;;;;;x
c_ozerna;Ozerna;;;;;;;;;;;;;x
c_ozerna_adj;Ozerna;;;;;;;;;;;;;x
b_ozerna;Ozerna;;;;;;;;;;;;;x
b_sandy_lake;Sandy Lake;;;;;;;;;;;;;x
b_rolling_river;Rolling River;;;;;;;;;;;;;x
b_newdale;New Dale;;;;;;;;;;;;;x
b_strathclair;Strathclair;;;;;;;;;;;;;x
c_wawanesa;Wawanesa;;;;;;;;;;;;;x
c_wawanesa_adj;Wawanesa;;;;;;;;;;;;;x
b_wawanesa;Wawanesa;;;;;;;;;;;;;x
b_methven;Methven;;;;;;;;;;;;;x
b_treesbank;Treesbank;;;;;;;;;;;;;x
b_noble_lake;Noble Lake;;;;;;;;;;;;;x
b_nesbitt;Nesbitt;;;;;;;;;;;;;x
b_dunrea;Dunrea;;;;;;;;;;;;;x
d_ituna;Ituna;;;;;;;;;;;;;x
d_ituna_adj;ituna;;;;;;;;;;;;;x
c_boggy_creek;Boggy Creek;;;;;;;;;;;;;x
c_boggy_creek_adj;Boggy Creek;;;;;;;;;;;;;x
b_boggy_creek;Boggy Creek;;;;;;;;;;;;;x
b_san_clara;San Clara;;;;;;;;;;;;;x
b_zelena;Zelena;;;;;;;;;;;;;x
b_merridale;Merridale;;;;;;;;;;;;;x
c_wallaston_lake;Wallaston Lake;;;;;;;;;;;;;x
c_wallaston_lake_adj;Wallaston Lake;;;;;;;;;;;;;x
b_wallaston_lake;Wallaston Lake;;;;;;;;;;;;;x
c_clearwater_river;Clearwater River;;;;;;;;;;;;;x
c_clearwater_river_adj;Clearwater River;;;;;;;;;;;;;x
b_clearwater_river;Clearwater River;;;;;;;;;;;;;x
b_la_loche;La Loche;;;;;;;;;;;;;x
b_turnor_lake;Turnor Lake;;;;;;;;;;;;;x
c_ituna;Ituna;;;;;;;;;;;;;x
c_ituna_adj;Ituna;;;;;;;;;;;;;x
b_ituna;Ituna;;;;;;;;;;;;;x
b_jasmin;Jasmin;;;;;;;;;;;;;x
b_hubbard;Hubbard;;;;;;;;;;;;;x
b_homefield;Homefield;;;;;;;;;;;;;x
b_winthorpe;Winterhorpe;;;;;;;;;;;;;x
c_wadena;Wadena;;;;;;;;;;;;;x
c_wadena_adj;Wadena;;;;;;;;;;;;;x
b_wadena;Wadena;;;;;;;;;;;;;x
b_hendon;Hendon;;;;;;;;;;;;;x
b_kuroki;Kuroki;;;;;;;;;;;;;x
b_margo;Margo;;;;;;;;;;;;;x
b_elfros;Elfros;;;;;;;;;;;;;x
b_kandaharnew;Kandahar;;;;;;;;;;;;;x
d_assiniboia;Assiniboia;;;;;;;;;;;;;x
d_assiniboia_adj;Assiniboia;;;;;;;;;;;;;x
c_assiniboia;Assiniboia;;;;;;;;;;;;;x
c_assiniboia_adj;Assiniboia;;;;;;;;;;;;;x
b_assiniboia;Assiniboia;;;;;;;;;;;;;x
b_maxstone;Maxstone;;;;;;;;;;;;;x
b_congress;Congress;;;;;;;;;;;;;x
b_vantage;Vantage;;;;;;;;;;;;;x
b_cardross;Cardross;;;;;;;;;;;;;x
b_readlyn;Readlyn;;;;;;;;;;;;;x
c_regina;Regina;;;;;;;;;;;;;x
c_regina_adj;Regina;;;;;;;;;;;;;x
b_regina;Regina;;;;;;;;;;;;;x
b_pense;Pense;;;;;;;;;;;;;x
b_riceton;Riceton;;;;;;;;;;;;;x
b_lumsden;Lumsden;;;;;;;;;;;;;x
b_avonlea;Avonlea;;;;;;;;;;;;;x
b_bethunenew;Bethune;;;;;;;;;;;;;x
b_drinkwater;Drinkwater;;;;;;;;;;;;;x
c_nipawin;Nipawin;;;;;;;;;;;;;x
c_nipawin_adj;Nipawin;;;;;;;;;;;;;x	
b_nipawin;Nipawin;;;;;;;;;;;;;x
b_white_fox;White Fox;;;;;;;;;;;;;x
b_elk_hill;Elk Hill;;;;;;;;;;;;;x
b_choiceland;Choiceland;;;;;;;;;;;;;x
b_smeaton;Smeaton;;;;;;;;;;;;;x
b_shipman;Shipman;;;;;;;;;;;;;x
c_tyvan;Tyvan;;;;;;;;;;;;;x
c_tyvan_adj;Tyvan;;;;;;;;;;;;;x
b_tyvan;Tyvan;;;;;;;;;;;;;x
b_fillmorenew;Fillmore;;;;;;;;;;;;;x
b_cedoux;Cedoux;;;;;;;;;;;;;x
b_colfax;Coldfax;;;;;;;;;;;;;x
c_trossachs;Trossachs;;;;;;;;;;;;;x
c_trossachs_adj;Trossachs;;;;;;;;;;;;;x
b_trossachs;Trossachs;;;;;;;;;;;;;x
b_yellow_grass;Yellow Grass;;;;;;;;;;;;;x
b_lang;Lang;;;;;;;;;;;;;x
b_radville;Radville;;;;;;;;;;;;;x
b_khedive;Khedive;;;;;;;;;;;;;x
c_torquay;Torquay;;;;;;;;;;;;;x
c_torquay_adj;Torquay;;;;;;;;;;;;;x
b_torquay;Torquay;;;;;;;;;;;;;x
b_oungre;Oungre;;;;;;;;;;;;;x
b_ratcliffe;Ratcliffe;;;;;;;;;;;;;x
b_beaubier;Beaubier;;;;;;;;;;;;;x
b_colgan;Colgan;;;;;;;;;;;;;x